Model,TOPSIS Score,Rank
BERT,0.8013366656995552,1
RoBERTa,0.7421474044161444,2
SBERT,0.3862019867475566,3
DistilBERT,0.1288768768370169,4
USE,0.10367230944175923,5
